{"Doctors":[
                               {
                               "name": "Dr. swati",
                               "location": "Sydney",
                               "specialisation":"Paediatric Dentistry"
                                },

                              {
                              "name": "Dr. puja",
                              "location": "Kensington",
                              "specialisation":"Orthodontics"
                              },

                              {
                              "name": "Dr. madhushi",
                              "location": "Kingsford",
                              "specialisation":"Oral Surgery"
                               }
                            ]}

