{
  "swagger": "2.0",
  "info": {
    "description": "Dentist",
    "version": "1.0.0",
    "title": "Dentist Service"
  },
  "basePath": "/v1",
  "paths": {
    "/dentist": {
      "get": {
        "summary": "gives the name of all doctors",
        "description": "this returns the list of all the doctors",
        "operationId": "getDoctors",
        "produces": [
          "application/json"
        ],
        "responses": {
          "200": {
            "description": "Successful",
            "schema": {
              "type": "array",
              "items": {
                "type": "object",
                "properties": {
                  "name": {
                    "type": "string",
                    "example": "Milly"
                  }
                }
              }
            }
          }
        }
      }
    },
    "/dentist/findByName": {
      "get": {
        "summary": "gives the information of doctor ",
        "description": "this returns the information about the doctor given the name as query",
        "operationId": "getDetailsByName",
        "produces": [
          "application/json"
        ],
        "parameters": [
          {
            "in": "query",
            "name": "expression",
            "type": "string",
            "description": "Name of the doctor e.g. Milly",
            "required": true
          }
        ],
        "responses": {
          "200": {
            "description": "Successful",
            "schema": {
              "type": "array",
              "items": {
                "type": "object",
                "properties": {
                  "name": {
                    "type": "string",
                    "example": "Milly"
                  },
                  "location": {
                    "type": "string",
                    "example": "Sydney"
                  },
                  "specialisation": {
                    "type": "string",
                    "example": "Oral Surgery"
                  }
                }
              }
            }
          }
        }
      }
    }
  }
}