{
  "swagger": "2.0",
  "info": {
    "description": "Timeslot service",
    "version": "1.0.0",
    "title": "Timeslot Service"
  },
  "basePath": "/v1",
  "paths": {
    "/timeSlot": {
      "get": {
        "summary": "gives the timeslot of doctor",
        "description": "this returns the list of all the available and reserved timeslots for the given doctor",
        "operationId": "getTimeSlots",
        "produces": [
          "application/json"
        ],
        "parameters": [
          {
            "in": "query",
            "name": "expression",
            "type": "string",
            "description": "Name of the doctor e.g. Milly",
            "required": true
          }
        ],
        "responses": {
          "200": {
            "description": "Successful",
            "schema": {
              "type": "array",
              "items": {
                "type": "object",
                "properties": {
                  "date": {
                    "type": "string",
                    "format": "date"
                  },
                  "doctor_name": {
                    "type": "string",
                    "example": "Milly"
                  },
                  "reserved_timeslot": {
                    "type": "string",
                    "example": "9AM - 10AM"
                  },
                  "available_timeslot": {
                    "type": "string",
                    "example": "11AM - 12PM"
                  }
                }
              }
            }
          }
        }
      }
    }
  }
}